<?xml version="1.0" encoding="UTF-8"?>
<configuration status="WARN">
  <appenders>
    <Console name="Console" target="SYSTEM_OUT">
      <PatternLayout pattern="%d{HH:mm:ss.SSS} [%t] %-5level %logger{36} - %msg%n"/>
    </Console>

    <File name="MyFile" fileName="C:/Users/180484/Documents/smdc/SMDCAdmin/src/main/resources/logs/app.log">
        <PatternLayout pattern="%d{yyyy-mm-dd HH:mm:ss.SSS} [%t] %-5level %logger{36} - %msg%n"/>
    </File>             
  </appenders>

  <loggers>     
    <root level="DEBUG">
      <appender-ref ref="Console" level="DEBUG"/>
     
    </root>    
  </loggers>
</configuration>